"start","end","open","close","high","low","volume"
"2019-08-06T13:00:00.000Z","2019-08-06T13:00:00.000Z",11767.4,11668,11783.97,11530.45,1241.2880569
"2019-08-06T14:00:00.000Z","2019-08-06T14:00:00.000Z",11668.05,11797.98,11804.77,11619.96,724.63488937
"2019-08-06T15:00:00.000Z","2019-08-06T15:00:00.000Z",11797.98,11729.13,11797.98,11664.48,576.33219629
"2019-08-06T16:00:00.000Z","2019-08-06T16:00:00.000Z",11729.12,11700.77,11750,11674.2,637.01575033
"2019-08-06T17:00:00.000Z","2019-08-06T17:00:00.000Z",11700.78,11774.97,11793,11678,614.56901198
"2019-08-06T18:00:00.000Z","2019-08-06T18:00:00.000Z",11774.89,11696.28,11834.41,11690,817.63565056
"2019-08-06T19:00:00.000Z","2019-08-06T19:00:00.000Z",11696.28,11742.66,11742.66,11693.74,528.27468146
"2019-08-06T20:00:00.000Z","2019-08-06T20:00:00.000Z",11742.66,11693.9,11756.12,11623.8,725.07118465
"2019-08-06T21:00:00.000Z","2019-08-06T21:00:00.000Z",11693.9,11650.91,11730,11599.18,652.26054564
"2019-08-06T22:00:00.000Z","2019-08-06T22:00:00.000Z",11650.91,11356.13,11656.83,11285.84,2428.70389541
"2019-08-06T23:00:00.000Z","2019-08-06T23:00:00.000Z",11356.06,11302.86,11399.99,11205,1231.27814957
"2019-08-07T00:00:00.000Z","2019-08-07T00:00:00.000Z",11303.77,11465.49,11486.55,11187,1090.20367519
"2019-08-07T01:00:00.000Z","2019-08-07T01:00:00.000Z",11465.91,11463.01,11500,11366.26,814.9625972
"2019-08-07T02:00:00.000Z","2019-08-07T02:00:00.000Z",11462.99,11518.22,11568.99,11444,809.30958781
"2019-08-07T03:00:00.000Z","2019-08-07T03:00:00.000Z",11518.22,11622.61,11661.59,11518.21,711.57601127
"2019-08-07T04:00:00.000Z","2019-08-07T04:00:00.000Z",11622.21,11624.97,11646.54,11550,311.17095277
"2019-08-07T05:00:00.000Z","2019-08-07T05:00:00.000Z",11623.05,11677.85,11699,11590.01,460.4319405
"2019-08-07T06:00:00.000Z","2019-08-07T06:00:00.000Z",11677.85,11590.2,11709.8,11571.9,288.468446
"2019-08-07T07:00:00.000Z","2019-08-07T07:00:00.000Z",11594.71,11611.62,11661.31,11558.16,196.72864942
"2019-08-07T08:00:00.000Z","2019-08-07T08:00:00.000Z",11611.53,11516.68,11615.3,11506.23,288.61534489
"2019-08-07T09:00:00.000Z","2019-08-07T09:00:00.000Z",11515.02,11548.62,11588.01,11446.71,285.41786357
"2019-08-07T10:00:00.000Z","2019-08-07T10:00:00.000Z",11551.05,11604.02,11634.47,11491.43,205.76174294
"2019-08-07T11:00:00.000Z","2019-08-07T11:00:00.000Z",11604.03,11615,11674.08,11604.02,215.76323658
"2019-08-07T12:00:00.000Z","2019-08-07T12:00:00.000Z",11610.25,11718.79,11725,11550.27,414.27537546
"2019-08-07T13:00:00.000Z","2019-08-07T13:00:00.000Z",11725,11773,11778.33,11695.97,485.43783904
"2019-08-07T14:00:00.000Z","2019-08-07T14:00:00.000Z",11773,12026.72,12147,11773,2857.29712631
"2019-08-07T15:00:00.000Z","2019-08-07T15:00:00.000Z",12026.69,12066.27,12098.35,12011.21,1108.81758266
"2019-08-07T16:00:00.000Z","2019-08-07T16:00:00.000Z",12068.9,11654.17,12093.32,11600,2398.48219441
"2019-08-07T17:00:00.000Z","2019-08-07T17:00:00.000Z",11654.25,11639.99,11693.42,11400,1330.78507868
"2019-08-07T18:00:00.000Z","2019-08-07T18:00:00.000Z",11639.99,11775.03,11776.38,11605.59,657.46229163
"2019-08-07T19:00:00.000Z","2019-08-07T19:00:00.000Z",11775.03,11722.83,11807.93,11715,517.86832035
"2019-08-07T20:00:00.000Z","2019-08-07T20:00:00.000Z",11722.49,11767.72,11785,11650.01,592.8626556
"2019-08-07T21:00:00.000Z","2019-08-07T21:00:00.000Z",11767.73,11859.99,11950,11602,2027.20243076
"2019-08-07T22:00:00.000Z","2019-08-07T22:00:00.000Z",11859.53,11929.13,12088,11828.32,1400.65422903
"2019-08-07T23:00:00.000Z","2019-08-07T23:00:00.000Z",11929.13,11969.07,12041.97,11880.18,1336.07034892
"2019-08-08T00:00:00.000Z","2019-08-08T00:00:00.000Z",11969.07,11975.03,12020,11827,941.91991576
"2019-08-08T01:00:00.000Z","2019-08-08T01:00:00.000Z",11983.41,11958.31,12020,11860.19,558.73404052
"2019-08-08T02:00:00.000Z","2019-08-08T02:00:00.000Z",11962.75,11887.98,11963.51,11847,383.94202986
"2019-08-08T03:00:00.000Z","2019-08-08T03:00:00.000Z",11887.98,11921.85,11948.79,11874.17,265.43911227
"2019-08-08T04:00:00.000Z","2019-08-08T04:00:00.000Z",11921.84,11949.68,11999,11918.1,477.30922416
"2019-08-08T05:00:00.000Z","2019-08-08T05:00:00.000Z",11946.13,11939.97,11966.89,11856.02,322.16945805
"2019-08-08T06:00:00.000Z","2019-08-08T06:00:00.000Z",11939.97,11920,11943.8,11880.32,187.7902447
"2019-08-08T07:00:00.000Z","2019-08-08T07:00:00.000Z",11921.02,11830.21,11923.82,11740.01,615.97795497
"2019-08-08T08:00:00.000Z","2019-08-08T08:00:00.000Z",11832.95,11909.69,11909.69,11782.24,227.08264458
"2019-08-08T09:00:00.000Z","2019-08-08T09:00:00.000Z",11914,11896.52,11974.44,11869.87,291.93476141
"2019-08-08T10:00:00.000Z","2019-08-08T10:00:00.000Z",11899.17,11860.21,11934,11826.87,208.39511713
"2019-08-08T11:00:00.000Z","2019-08-08T11:00:00.000Z",11860.21,11834.13,11869.97,11805.36,212.71561379
"2019-08-08T12:00:00.000Z","2019-08-08T12:00:00.000Z",11831.19,11806.77,11907.14,11782.19,406.40208813
"2019-08-08T13:00:00.000Z","2019-08-08T13:00:00.000Z",11806.78,11841.97,11909.81,11730.04,631.44207409
"2019-08-08T14:00:00.000Z","2019-08-08T14:00:00.000Z",11842.11,11678.96,11848.14,11661.44,773.08936647
"2019-08-08T15:00:00.000Z","2019-08-08T15:00:00.000Z",11667,11700.01,11736.6,11620.11,819.80441574
"2019-08-08T16:00:00.000Z","2019-08-08T16:00:00.000Z",11700.01,11673.85,11749.06,11666.68,514.52535007
"2019-08-08T17:00:00.000Z","2019-08-08T17:00:00.000Z",11671.15,11702.27,11765,11638.74,572.46727743
"2019-08-08T18:00:00.000Z","2019-08-08T18:00:00.000Z",11706.37,11561,11725,11451,1771.73591203
"2019-08-08T19:00:00.000Z","2019-08-08T19:00:00.000Z",11561,11624.98,11635,11500,495.97906505
"2019-08-08T20:00:00.000Z","2019-08-08T20:00:00.000Z",11624.99,11560.61,11647.68,11501.55,750.13847419
"2019-08-08T21:00:00.000Z","2019-08-08T21:00:00.000Z",11556.12,11595.99,11600,11483.03,550.75326279
"2019-08-08T22:00:00.000Z","2019-08-08T22:00:00.000Z",11593.99,11714.9,11740,11587.04,732.99160073
"2019-08-08T23:00:00.000Z","2019-08-08T23:00:00.000Z",11714.97,11814.39,11850,11713.24,613.95175036
"2019-08-09T00:00:00.000Z","2019-08-09T00:00:00.000Z",11813.57,11981,12050,11810.02,1730.14129896
"2019-08-09T01:00:00.000Z","2019-08-09T01:00:00.000Z",11982.44,11958.58,12039.95,11887,1132.88727947
"2019-08-09T02:00:00.000Z","2019-08-09T02:00:00.000Z",11957.74,11881.15,11959,11860.04,462.67362834
"2019-08-09T03:00:00.000Z","2019-08-09T03:00:00.000Z",11880.45,11909.98,11910,11852.58,312.10458053
"2019-08-09T04:00:00.000Z","2019-08-09T04:00:00.000Z",11906.3,11860.51,11935,11837,292.52566678
"2019-08-09T05:00:00.000Z","2019-08-09T05:00:00.000Z",11860.54,11880.85,11914.99,11860.01,221.41604322
"2019-08-09T06:00:00.000Z","2019-08-09T06:00:00.000Z",11880,11840.95,11885,11807.66,326.50361726
"2019-08-09T07:00:00.000Z","2019-08-09T07:00:00.000Z",11840.01,11840.01,11847.35,11781,283.27304827
"2019-08-09T08:00:00.000Z","2019-08-09T08:00:00.000Z",11840.01,11830,11855.96,11776,578.07938923
"2019-08-09T09:00:00.000Z","2019-08-09T09:00:00.000Z",11830,11813.49,11962.96,11779.45,746.08824924
"2019-08-09T10:00:00.000Z","2019-08-09T10:00:00.000Z",11817.56,11740.01,11830.66,11684.07,438.63480274
"2019-08-09T11:00:00.000Z","2019-08-09T11:00:00.000Z",11740.01,11685.46,11785.96,11651.89,444.91963322
"2019-08-09T12:00:00.000Z","2019-08-09T12:00:00.000Z",11685.45,11686.71,11753.47,11675.81,226.77554115
"2019-08-09T13:00:00.000Z","2019-08-09T13:00:00.000Z",11686.71,11745.98,11764.72,11660,396.35964911
"2019-08-09T14:00:00.000Z","2019-08-09T14:00:00.000Z",11745.98,11805,11870,11745.97,621.10835452
"2019-08-09T15:00:00.000Z","2019-08-09T15:00:00.000Z",11805,11763.77,11822.58,11654.35,655.8398064
"2019-08-09T16:00:00.000Z","2019-08-09T16:00:00.000Z",11763.77,11715.02,11763.77,11696.69,403.46981771
"2019-08-09T17:00:00.000Z","2019-08-09T17:00:00.000Z",11715.02,11760,11836.76,11660,566.98390651
"2019-08-09T18:00:00.000Z","2019-08-09T18:00:00.000Z",11759.87,11769.97,11778.84,11720,414.33470406
"2019-08-09T19:00:00.000Z","2019-08-09T19:00:00.000Z",11769.97,11818.39,11829.39,11765.36,463.11302152
"2019-08-09T20:00:00.000Z","2019-08-09T20:00:00.000Z",11818.39,11812.46,11895.37,11785.62,693.87702877
"2019-08-09T21:00:00.000Z","2019-08-09T21:00:00.000Z",11812.47,11874.86,11886.78,11794.2,394.34557661
"2019-08-09T22:00:00.000Z","2019-08-09T22:00:00.000Z",11873.48,11909.89,11910,11852.42,404.4572252
"2019-08-09T23:00:00.000Z","2019-08-09T23:00:00.000Z",11909.87,11824.77,11945,11822,495.26362261
"2019-08-10T00:00:00.000Z","2019-08-10T00:00:00.000Z",11824.77,11856.1,11886.3,11824.76,228.99035519
"2019-08-10T01:00:00.000Z","2019-08-10T01:00:00.000Z",11860.62,11924.07,11969.99,11858.76,618.87201123
"2019-08-10T02:00:00.000Z","2019-08-10T02:00:00.000Z",11924.07,11897.98,11928.53,11866.93,224.10601813
"2019-08-10T03:00:00.000Z","2019-08-10T03:00:00.000Z",11897.98,11785.69,11908.04,11750.27,516.79128098
"2019-08-10T04:00:00.000Z","2019-08-10T04:00:00.000Z",11785.7,11832.54,11835,11757.03,278.65282518
"2019-08-10T05:00:00.000Z","2019-08-10T05:00:00.000Z",11834,11794.75,11834,11793,116.75024517
"2019-08-10T06:00:00.000Z","2019-08-10T06:00:00.000Z",11794.75,11834.57,11874.98,11788.9,176.69732692
"2019-08-10T07:00:00.000Z","2019-08-10T07:00:00.000Z",11835.93,11808.71,11874.25,11794.3,205.62540731
"2019-08-10T08:00:00.000Z","2019-08-10T08:00:00.000Z",11808.72,11813.69,11850.08,11790.64,81.95149268
"2019-08-10T09:00:00.000Z","2019-08-10T09:00:00.000Z",11813.69,11840.01,11882.91,11813.68,77.72782872
"2019-08-10T10:00:00.000Z","2019-08-10T10:00:00.000Z",11840,11888.51,11888.51,11840,85.18735476
"2019-08-10T11:00:00.000Z","2019-08-10T11:00:00.000Z",11888.52,11870.97,11893.94,11850,122.18512729
"2019-08-10T12:00:00.000Z","2019-08-10T12:00:00.000Z",11870.96,11357.74,11871.69,11170,3798.81969673
"2019-08-10T13:00:00.000Z","2019-08-10T13:00:00.000Z",11357.74,11400.04,11422.81,11250,1331.04550488
"2019-08-10T14:00:00.000Z","2019-08-10T14:00:00.000Z",11400.05,11410.21,11451.63,11357,567.69528765
"2019-08-10T15:00:00.000Z","2019-08-10T15:00:00.000Z",11410.21,11381.78,11412.25,11305.38,568.16575863
"2019-08-10T16:00:00.000Z","2019-08-10T16:00:00.000Z",11380.79,11390.11,11398.23,11350,360.61265239
"2019-08-10T17:00:00.000Z","2019-08-10T17:00:00.000Z",11390.11,11337.04,11394.17,11315,349.57552554
"2019-08-10T18:00:00.000Z","2019-08-10T18:00:00.000Z",11339.15,11362.24,11400,11240,755.05720201
"2019-08-10T19:00:00.000Z","2019-08-10T19:00:00.000Z",11364.53,11350.78,11373.67,11293.13,450.49339659
"2019-08-10T20:00:00.000Z","2019-08-10T20:00:00.000Z",11352.35,11307,11352.35,11240,403.101002
"2019-08-10T21:00:00.000Z","2019-08-10T21:00:00.000Z",11306.96,11309.91,11360,11288.24,287.48376929
"2019-08-10T22:00:00.000Z","2019-08-10T22:00:00.000Z",11309.62,11299.8,11350,11231.24,664.17656021
"2019-08-10T23:00:00.000Z","2019-08-10T23:00:00.000Z",11299,11284.99,11306.13,11231,306.18113946
"2019-08-11T00:00:00.000Z","2019-08-11T00:00:00.000Z",11284.99,11280.95,11322.93,11280.95,274.19122733
"2019-08-11T01:00:00.000Z","2019-08-11T01:00:00.000Z",11280.95,11370.64,11420.02,11255.02,475.38173798
"2019-08-11T02:00:00.000Z","2019-08-11T02:00:00.000Z",11370.65,11336.72,11377.9,11326.55,197.8654404
"2019-08-11T03:00:00.000Z","2019-08-11T03:00:00.000Z",11336.69,11346.38,11362.12,11334.53,134.42694031
"2019-08-11T04:00:00.000Z","2019-08-11T04:00:00.000Z",11346.37,11374.37,11390,11343.58,114.45894729
"2019-08-11T05:00:00.000Z","2019-08-11T05:00:00.000Z",11374.29,11345,11394.98,11343,92.89638451
"2019-08-11T06:00:00.000Z","2019-08-11T06:00:00.000Z",11345.01,11349.21,11363,11335.36,104.80050431
"2019-08-11T07:00:00.000Z","2019-08-11T07:00:00.000Z",11349.2,11333.33,11369.17,11305,133.8247083
"2019-08-11T08:00:00.000Z","2019-08-11T08:00:00.000Z",11333.33,11344.2,11347.01,11324.29,44.26630056
"2019-08-11T09:00:00.000Z","2019-08-11T09:00:00.000Z",11344.2,11310.22,11360,11261,206.4660981
"2019-08-11T10:00:00.000Z","2019-08-11T10:00:00.000Z",11310.22,11333.81,11371.91,11088.89,1075.62771868
"2019-08-11T11:00:00.000Z","2019-08-11T11:00:00.000Z",11342.62,11321.56,11385.36,11306.84,134.85694215
"2019-08-11T12:00:00.000Z","2019-08-11T12:00:00.000Z",11321.57,11461.38,11466,11321.57,286.05660774
"2019-08-11T13:00:00.000Z","2019-08-11T13:00:00.000Z",11458.41,11436.46,11469.15,11397.66,268.7289603
"2019-08-11T14:00:00.000Z","2019-08-11T14:00:00.000Z",11436.46,11384.9,11458.67,11364.08,325.80165172
"2019-08-11T15:00:00.000Z","2019-08-11T15:00:00.000Z",11384.82,11376.19,11410.02,11357.41,174.90422526
"2019-08-11T16:00:00.000Z","2019-08-11T16:00:00.000Z",11376.19,11366.44,11400,11341.07,157.43870483
"2019-08-11T17:00:00.000Z","2019-08-11T17:00:00.000Z",11365,11388.71,11430.28,11353,322.63369285
"2019-08-11T18:00:00.000Z","2019-08-11T18:00:00.000Z",11385.16,11360,11395.01,11355.26,277.91385664
"2019-08-11T19:00:00.000Z","2019-08-11T19:00:00.000Z",11359.99,11382.02,11400,11355.26,281.45294634
"2019-08-11T20:00:00.000Z","2019-08-11T20:00:00.000Z",11382.01,11360.12,11388.96,11351,148.32287331
"2019-08-11T21:00:00.000Z","2019-08-11T21:00:00.000Z",11360.13,11410,11420,11283.93,336.25494285
"2019-08-11T22:00:00.000Z","2019-08-11T22:00:00.000Z",11409.99,11499.85,11560,11408.77,744.0425068
"2019-08-11T23:00:00.000Z","2019-08-11T23:00:00.000Z",11497.94,11504,11517.5,11471.02,313.60885777
"2019-08-12T00:00:00.000Z","2019-08-12T00:00:00.000Z",11504,11540.76,11585,11490.5,566.29304867
"2019-08-12T01:00:00.000Z","2019-08-12T01:00:00.000Z",11540.76,11466.98,11555.55,11438.72,369.84919279
"2019-08-12T02:00:00.000Z","2019-08-12T02:00:00.000Z",11465.26,11484.41,11515,11452.16,171.39978103
"2019-08-12T03:00:00.000Z","2019-08-12T03:00:00.000Z",11481.19,11434.9,11485.5,11413.17,143.47744945
"2019-08-12T04:00:00.000Z","2019-08-12T04:00:00.000Z",11435.03,11425.41,11449.41,11392.1,220.84195786
"2019-08-12T05:00:00.000Z","2019-08-12T05:00:00.000Z",11429.85,11413.8,11456.76,11400,141.71054391
"2019-08-12T06:00:00.000Z","2019-08-12T06:00:00.000Z",11413.8,11382.05,11435,11355,212.53061916
"2019-08-12T07:00:00.000Z","2019-08-12T07:00:00.000Z",11384.41,11359.99,11397.3,11321,218.04829869
"2019-08-12T08:00:00.000Z","2019-08-12T08:00:00.000Z",11359.99,11395.47,11418.39,11331.19,219.80763935
"2019-08-12T09:00:00.000Z","2019-08-12T09:00:00.000Z",11395.48,11355.87,11395.8,11292,200.27961188
"2019-08-12T10:00:00.000Z","2019-08-12T10:00:00.000Z",11355.87,11345.28,11372.81,11329.64,50.02714803
"2019-08-12T11:00:00.000Z","2019-08-12T11:00:00.000Z",11339.43,11366.8,11380,11333.35,57.8200808
"2019-08-12T12:00:00.000Z","2019-08-12T12:00:00.000Z",11363.43,11315.81,11371.97,11284.79,223.61226976
"2019-08-12T13:00:00.000Z","2019-08-12T13:00:00.000Z",11315.81,11381.88,11400.75,11222.4,703.46994025
"2019-08-12T14:00:00.000Z","2019-08-12T14:00:00.000Z",11382.06,11365.87,11398,11340,239.89243696
"2019-08-12T15:00:00.000Z","2019-08-12T15:00:00.000Z",11365.84,11358.01,11385,11346.58,204.82269593
"2019-08-12T16:00:00.000Z","2019-08-12T16:00:00.000Z",11358.07,11377.4,11380.99,11323.75,224.99771873
"2019-08-12T17:00:00.000Z","2019-08-12T17:00:00.000Z",11381,11391.3,11422.11,11359.23,381.44293393
"2019-08-12T18:00:00.000Z","2019-08-12T18:00:00.000Z",11391.29,11401.15,11423.95,11372.36,353.28429929
"2019-08-12T19:00:00.000Z","2019-08-12T19:00:00.000Z",11401.15,11395.73,11405,11361.96,182.84042836
"2019-08-12T20:00:00.000Z","2019-08-12T20:00:00.000Z",11395.72,11435.22,11437.11,11380,246.00260257
"2019-08-12T21:00:00.000Z","2019-08-12T21:00:00.000Z",11434.97,11412.83,11455.93,11405.86,335.35174874
"2019-08-12T22:00:00.000Z","2019-08-12T22:00:00.000Z",11412.81,11390.01,11420.02,11390,195.542902
"2019-08-12T23:00:00.000Z","2019-08-12T23:00:00.000Z",11390.01,11398.69,11423.59,11375,321.09051116
"2019-08-13T00:00:00.000Z","2019-08-13T00:00:00.000Z",11398.69,11389.28,11401.32,11375,184.29629025
"2019-08-13T01:00:00.000Z","2019-08-13T01:00:00.000Z",11389.25,11409.71,11413.96,11350.01,362.55704147
"2019-08-13T02:00:00.000Z","2019-08-13T02:00:00.000Z",11409.6,11394.83,11438.39,11393.13,306.49434204
"2019-08-13T03:00:00.000Z","2019-08-13T03:00:00.000Z",11394.83,11382.01,11420,11376.07,148.52493585
"2019-08-13T04:00:00.000Z","2019-08-13T04:00:00.000Z",11382,11385.36,11391.86,11356,111.03185295
"2019-08-13T05:00:00.000Z","2019-08-13T05:00:00.000Z",11385.37,11335.63,11395,11321.26,174.93476852
"2019-08-13T06:00:00.000Z","2019-08-13T06:00:00.000Z",11335.62,11369.8,11373.09,11325,84.08713019
"2019-08-13T07:00:00.000Z","2019-08-13T07:00:00.000Z",11366.26,11344.01,11369.2,11344,61.91350546
"2019-08-13T08:00:00.000Z","2019-08-13T08:00:00.000Z",11344.01,11338.86,11360,11279.11,248.73545502
"2019-08-13T09:00:00.000Z","2019-08-13T09:00:00.000Z",11338.87,11323.48,11341.91,11296.39,74.67599584
"2019-08-13T10:00:00.000Z","2019-08-13T10:00:00.000Z",11323.48,11276.16,11323.48,11228,363.67021057
"2019-08-13T11:00:00.000Z","2019-08-13T11:00:00.000Z",11276.12,11218.57,11282.83,11157.87,457.44427448
"2019-08-13T12:00:00.000Z","2019-08-13T12:00:00.000Z",11218.57,11244.01,11271.22,11200.22,124.56544991
"2019-08-13T13:00:00.000Z","2019-08-13T13:00:00.000Z",11244.01,11205.24,11263.6,11194.34,255.34211704
"2019-08-13T14:00:00.000Z","2019-08-13T14:00:00.000Z",11204.24,11104.57,11223,11100,893.14012018
"2019-08-13T15:00:00.000Z","2019-08-13T15:00:00.000Z",11101,10942.5,11104.56,10870,2567.15832224
"2019-08-13T16:00:00.000Z","2019-08-13T16:00:00.000Z",10950.24,10890.95,10964.85,10875,671.30299462
"2019-08-13T17:00:00.000Z","2019-08-13T17:00:00.000Z",10890.95,10804.34,10941.76,10804.33,1062.37908638
"2019-08-13T18:00:00.000Z","2019-08-13T18:00:00.000Z",10804.34,10858.89,10870,10746,1112.62822275
"2019-08-13T19:00:00.000Z","2019-08-13T19:00:00.000Z",10858.89,10871.99,10909.61,10836.84,764.4132324
"2019-08-13T20:00:00.000Z","2019-08-13T20:00:00.000Z",10872,10894.99,10917.21,10861.72,296.72106991
"2019-08-13T21:00:00.000Z","2019-08-13T21:00:00.000Z",10895,10876.82,10939.6,10876.82,308.720704
"2019-08-13T22:00:00.000Z","2019-08-13T22:00:00.000Z",10877.86,10855.01,10882.65,10807.72,595.94997676
"2019-08-13T23:00:00.000Z","2019-08-13T23:00:00.000Z",10855.01,10850.02,10887.99,10820,254.41508743
"2019-08-14T00:00:00.000Z","2019-08-14T00:00:00.000Z",10850.02,10854.92,10897,10845.89,382.64436585
"2019-08-14T01:00:00.000Z","2019-08-14T01:00:00.000Z",10854.92,10725.52,10859.97,10725.52,649.07975236
"2019-08-14T02:00:00.000Z","2019-08-14T02:00:00.000Z",10725.53,10559.97,10775,10520,2478.28315644
"2019-08-14T03:00:00.000Z","2019-08-14T03:00:00.000Z",10559.97,10634.91,10642.2,10468.98,1109.48151325
"2019-08-14T04:00:00.000Z","2019-08-14T04:00:00.000Z",10634.63,10597.83,10640.39,10560,372.01996825
"2019-08-14T05:00:00.000Z","2019-08-14T05:00:00.000Z",10598.15,10520.01,10604.19,10520,330.81632522
"2019-08-14T06:00:00.000Z","2019-08-14T06:00:00.000Z",10520,10565.01,10570,10504.57,371.92329398
"2019-08-14T07:00:00.000Z","2019-08-14T07:00:00.000Z",10565.01,10573.16,10611.55,10560.86,352.96351721
"2019-08-14T08:00:00.000Z","2019-08-14T08:00:00.000Z",10573.16,10562.35,10596.78,10540,146.56676105
"2019-08-14T09:00:00.000Z","2019-08-14T09:00:00.000Z",10562.36,10413.05,10571,10378,907.38544284
"2019-08-14T10:00:00.000Z","2019-08-14T10:00:00.000Z",10417.83,10464.9,10487.8,10353,384.39259969
"2019-08-14T11:00:00.000Z","2019-08-14T11:00:00.000Z",10464.95,10492.72,10552.22,10464.95,354.57920608
"2019-08-14T12:00:00.000Z","2019-08-14T12:00:00.000Z",10494.8,10520.41,10539.73,10429.01,342.48636742
"2019-08-14T13:00:00.000Z","2019-08-14T13:00:00.000Z",10522,10587.51,10646.38,10512.4,647.18032958
"2019-08-14T14:00:00.000Z","2019-08-14T14:00:00.000Z",10589.69,10560.35,10628.27,10544,565.26645029
"2019-08-14T15:00:00.000Z","2019-08-14T15:00:00.000Z",10560.31,10475.01,10560.88,10410,706.5313073
"2019-08-14T16:00:00.000Z","2019-08-14T16:00:00.000Z",10475.01,10461.89,10542.41,10425.63,519.85052603
"2019-08-14T17:00:00.000Z","2019-08-14T17:00:00.000Z",10464.53,10313.84,10588.42,10292.89,1997.75778144
"2019-08-14T18:00:00.000Z","2019-08-14T18:00:00.000Z",10312.5,10208.76,10320.22,10000,3831.27606268
"2019-08-14T19:00:00.000Z","2019-08-14T19:00:00.000Z",10208.76,10160.16,10256.18,10134.32,1098.44140725
"2019-08-14T20:00:00.000Z","2019-08-14T20:00:00.000Z",10159.29,10110.36,10212.87,10110,642.8974645
"2019-08-14T21:00:00.000Z","2019-08-14T21:00:00.000Z",10110.35,10168.62,10192.69,10091.26,878.01516279
"2019-08-14T22:00:00.000Z","2019-08-14T22:00:00.000Z",10169.65,10186.69,10245.67,10150,654.31200947
"2019-08-14T23:00:00.000Z","2019-08-14T23:00:00.000Z",10186.69,10213.97,10245,10170,371.86202098
"2019-08-15T00:00:00.000Z","2019-08-15T00:00:00.000Z",10213.48,10025.86,10218.65,9895,2445.8147608
"2019-08-15T01:00:00.000Z","2019-08-15T01:00:00.000Z",10021.13,10095.84,10213.91,10019.44,1450.36127831
"2019-08-15T02:00:00.000Z","2019-08-15T02:00:00.000Z",10096.71,10048.3,10096.71,9985,721.04157691
"2019-08-15T03:00:00.000Z","2019-08-15T03:00:00.000Z",10047.7,9989.68,10049.26,9874,1130.35632235
"2019-08-15T04:00:00.000Z","2019-08-15T04:00:00.000Z",9989.93,9814.54,9994.96,9770,1171.28880147
"2019-08-15T05:00:00.000Z","2019-08-15T05:00:00.000Z",9809.32,9719.66,9859.97,9613.89,2471.56147514
"2019-08-15T06:00:00.000Z","2019-08-15T06:00:00.000Z",9719.57,9681.58,9762.81,9651.14,702.36017015
"2019-08-15T07:00:00.000Z","2019-08-15T07:00:00.000Z",9681.54,9586.95,9684.99,9470,1759.35803611
"2019-08-15T08:00:00.000Z","2019-08-15T08:00:00.000Z",9586.95,9839.24,9878.63,9542.04,1662.49754224
"2019-08-15T09:00:00.000Z","2019-08-15T09:00:00.000Z",9839.28,9817.55,9935,9770.37,875.18836714
"2019-08-15T10:00:00.000Z","2019-08-15T10:00:00.000Z",9813.4,9951.51,9976.8,9792,710.54520347
"2019-08-15T11:00:00.000Z","2019-08-15T11:00:00.000Z",9950,10038.87,10119.71,9930.57,1335.78897339
"2019-08-15T12:00:00.000Z","2019-08-15T12:00:00.000Z",10039.95,10151.05,10197.23,10033.38,906.86354903
"2019-08-15T13:00:00.000Z","2019-08-15T13:00:00.000Z",10153.84,9986.38,10154.1,9898.88,1171.33559155
"2019-08-15T14:00:00.000Z","2019-08-15T14:00:00.000Z",9986.33,10011.91,10040.01,9883.48,719.97828391
"2019-08-15T15:00:00.000Z","2019-08-15T15:00:00.000Z",10009.95,10005.8,10084.99,9946.03,659.45741552
"2019-08-15T16:00:00.000Z","2019-08-15T16:00:00.000Z",10000.17,10092.6,10113.88,9969.83,675.92608291
"2019-08-15T17:00:00.000Z","2019-08-15T17:00:00.000Z",10091.64,10044.85,10154.74,9994.07,891.41131073
"2019-08-15T18:00:00.000Z","2019-08-15T18:00:00.000Z",10044.85,10015,10049.99,9965.77,507.26190389
"2019-08-15T19:00:00.000Z","2019-08-15T19:00:00.000Z",10015,10025.3,10075,10006.91,505.46008588
"2019-08-15T20:00:00.000Z","2019-08-15T20:00:00.000Z",10025.27,10097.38,10138.86,10009.31,469.25624343
"2019-08-15T21:00:00.000Z","2019-08-15T21:00:00.000Z",10096.42,10374.49,10397,10081.17,1795.31065194
"2019-08-15T22:00:00.000Z","2019-08-15T22:00:00.000Z",10373.84,10339.9,10417.02,10303,929.53599553
"2019-08-15T23:00:00.000Z","2019-08-15T23:00:00.000Z",10342.36,10387.5,10445,10320.97,787.83354813
"2019-08-16T00:00:00.000Z","2019-08-16T00:00:00.000Z",10387.5,10300.01,10420.02,10239.42,1361.13838567
"2019-08-16T01:00:00.000Z","2019-08-16T01:00:00.000Z",10300.01,10297.08,10355.38,10240.17,581.82260286
"2019-08-16T02:00:00.000Z","2019-08-16T02:00:00.000Z",10293.7,10347.99,10388.87,10293.7,311.5797625
"2019-08-16T03:00:00.000Z","2019-08-16T03:00:00.000Z",10347.98,10337.77,10416.44,10320,327.92944672
"2019-08-16T04:00:00.000Z","2019-08-16T04:00:00.000Z",10337.77,10319.59,10344.21,10275.04,344.1953061
"2019-08-16T05:00:00.000Z","2019-08-16T05:00:00.000Z",10319.59,10094.49,10334.02,10081.83,1274.1948101
"2019-08-16T06:00:00.000Z","2019-08-16T06:00:00.000Z",10091.1,9882.04,10137.53,9739.99,2470.29369591
"2019-08-16T07:00:00.000Z","2019-08-16T07:00:00.000Z",9888.63,9956.14,10031.03,9844.65,946.31068373
"2019-08-16T08:00:00.000Z","2019-08-16T08:00:00.000Z",9956.13,9924.98,9987.17,9827.12,600.78579258
"2019-08-16T09:00:00.000Z","2019-08-16T09:00:00.000Z",9924.99,10055.17,10091.13,9870.01,521.81805305
"2019-08-16T10:00:00.000Z","2019-08-16T10:00:00.000Z",10058.94,10088.33,10136,10025.4,306.86967786
"2019-08-16T11:00:00.000Z","2019-08-16T11:00:00.000Z",10091.36,10095,10126.97,10038.26,246.18098393
"2019-08-16T12:00:00.000Z","2019-08-16T12:00:00.000Z",10090.69,10147.31,10232.44,9793.14,1771.43458948
"2019-08-16T13:00:00.000Z","2019-08-16T13:00:00.000Z",10146.77,10195.69,10216.99,10115.56,750.05361582
"2019-08-16T14:00:00.000Z","2019-08-16T14:00:00.000Z",10201.56,10118.05,10215.33,10062.42,458.60947853
"2019-08-16T15:00:00.000Z","2019-08-16T15:00:00.000Z",10111.24,10095.74,10163.46,10043.64,513.66533359
"2019-08-16T16:00:00.000Z","2019-08-16T16:00:00.000Z",10095.74,10398.84,10475,10063.01,1674.38243692
"2019-08-16T17:00:00.000Z","2019-08-16T17:00:00.000Z",10398.19,10417.98,10449.27,10321.01,889.57402127
"2019-08-16T18:00:00.000Z","2019-08-16T18:00:00.000Z",10416.32,10412.21,10539.9,10382.25,1116.65397568
"2019-08-16T19:00:00.000Z","2019-08-16T19:00:00.000Z",10408.12,10424.6,10471,10399.29,435.35269122
"2019-08-16T20:00:00.000Z","2019-08-16T20:00:00.000Z",10424.6,10468.24,10499,10415.94,379.74592149
"2019-08-16T21:00:00.000Z","2019-08-16T21:00:00.000Z",10468.23,10393.3,10528.24,10360,670.79720477
"2019-08-16T22:00:00.000Z","2019-08-16T22:00:00.000Z",10395.24,10445.49,10449.53,10389.27,231.7565531
"2019-08-16T23:00:00.000Z","2019-08-16T23:00:00.000Z",10445.5,10406.27,10486.42,10275,1140.85912897
"2019-08-17T00:00:00.000Z","2019-08-17T00:00:00.000Z",10406.27,10352.78,10454.12,10295.43,322.81879593
"2019-08-17T01:00:00.000Z","2019-08-17T01:00:00.000Z",10352.78,10245.36,10377.97,10213.09,661.70773317
"2019-08-17T02:00:00.000Z","2019-08-17T02:00:00.000Z",10250.04,10399.82,10400,10221.6,263.25941315
"2019-08-17T03:00:00.000Z","2019-08-17T03:00:00.000Z",10394.99,10339.58,10426,10310.72,219.83882787
"2019-08-17T04:00:00.000Z","2019-08-17T04:00:00.000Z",10343.89,10301.71,10378.42,10291.46,119.49520996
"2019-08-17T05:00:00.000Z","2019-08-17T05:00:00.000Z",10294.37,10355.15,10360,10265,149.16287468
"2019-08-17T06:00:00.000Z","2019-08-17T06:00:00.000Z",10350.4,10383.17,10394.6,10301,169.19067638
"2019-08-17T07:00:00.000Z","2019-08-17T07:00:00.000Z",10383.18,10345.01,10400,10333.98,137.73854132
"2019-08-17T08:00:00.000Z","2019-08-17T08:00:00.000Z",10345.01,10360.05,10388.12,10333.24,104.10073286
"2019-08-17T09:00:00.000Z","2019-08-17T09:00:00.000Z",10368.28,10394.79,10475.82,10317.87,343.24587195
"2019-08-17T10:00:00.000Z","2019-08-17T10:00:00.000Z",10394.81,10448.42,10453.77,10363.64,121.01235969
"2019-08-17T11:00:00.000Z","2019-08-17T11:00:00.000Z",10448.42,10380.01,10448.42,10376.34,94.59108344
"2019-08-17T12:00:00.000Z","2019-08-17T12:00:00.000Z",10380.01,10336.29,10389.13,10329.61,163.47347835
"2019-08-17T13:00:00.000Z","2019-08-17T13:00:00.000Z",10339.79,10335.17,10378.16,10278.86,276.31150492
"2019-08-17T14:00:00.000Z","2019-08-17T14:00:00.000Z",10335.17,10367.39,10370.11,10290.5,177.07869784
"2019-08-17T15:00:00.000Z","2019-08-17T15:00:00.000Z",10369.56,10314.01,10369.56,10308.92,108.44993911
"2019-08-17T16:00:00.000Z","2019-08-17T16:00:00.000Z",10314.02,10322,10347.7,10243.84,361.65650595
"2019-08-17T17:00:00.000Z","2019-08-17T17:00:00.000Z",10322.15,10282.38,10365.99,10281,152.70444692
"2019-08-17T18:00:00.000Z","2019-08-17T18:00:00.000Z",10281.01,10072.82,10326.97,10032.64,1132.82915444
"2019-08-17T19:00:00.000Z","2019-08-17T19:00:00.000Z",10073.28,10174.26,10222.98,9978,730.3838687
"2019-08-17T20:00:00.000Z","2019-08-17T20:00:00.000Z",10174.26,10168.63,10199,10153.49,198.55708683
"2019-08-17T21:00:00.000Z","2019-08-17T21:00:00.000Z",10170.18,10078.94,10181.83,10043.87,385.56156789
"2019-08-17T22:00:00.000Z","2019-08-17T22:00:00.000Z",10077.41,10139.95,10169.99,10067.59,294.52851979
"2019-08-17T23:00:00.000Z","2019-08-17T23:00:00.000Z",10139.41,10232.06,10234.66,10113.87,256.80592525
"2019-08-18T00:00:00.000Z","2019-08-18T00:00:00.000Z",10232.06,10217.79,10239.88,10181.84,177.45200385
"2019-08-18T01:00:00.000Z","2019-08-18T01:00:00.000Z",10217.99,10218,10274.91,10208.53,271.71866709
"2019-08-18T02:00:00.000Z","2019-08-18T02:00:00.000Z",10218.01,10182.18,10225,10151.25,198.52546072
"2019-08-18T03:00:00.000Z","2019-08-18T03:00:00.000Z",10181.14,10161,10200,10140.15,189.08656669
"2019-08-18T04:00:00.000Z","2019-08-18T04:00:00.000Z",10161,10109.06,10171.56,10106.25,234.90747018
"2019-08-18T05:00:00.000Z","2019-08-18T05:00:00.000Z",10110.39,10133.44,10141,10066.66,235.7863707
"2019-08-18T06:00:00.000Z","2019-08-18T06:00:00.000Z",10132.78,10141.41,10154.08,10110,88.65191273
"2019-08-18T07:00:00.000Z","2019-08-18T07:00:00.000Z",10141,10169.19,10193.79,10138.78,113.28533059
"2019-08-18T08:00:00.000Z","2019-08-18T08:00:00.000Z",10169.19,10142.31,10174.36,10116.1,52.1544007
"2019-08-18T09:00:00.000Z","2019-08-18T09:00:00.000Z",10140.06,10114.99,10156.02,10100,80.85315243
"2019-08-18T10:00:00.000Z","2019-08-18T10:00:00.000Z",10114.98,10190.15,10239.28,10114.98,187.5142124
"2019-08-18T11:00:00.000Z","2019-08-18T11:00:00.000Z",10190.15,10366.74,10411.61,10172.6,697.80699631
"2019-08-18T12:00:00.000Z","2019-08-18T12:00:00.000Z",10364.93,10410.16,10440,10330.21,277.18287632
"2019-08-18T13:00:00.000Z","2019-08-18T13:00:00.000Z",10409.47,10388.96,10456.38,10367.7,262.81929634
"2019-08-18T14:00:00.000Z","2019-08-18T14:00:00.000Z",10389,10440,10510.21,10383.07,595.24069856
"2019-08-18T15:00:00.000Z","2019-08-18T15:00:00.000Z",10440.01,10390,10513.45,10386.54,381.06392355
"2019-08-18T16:00:00.000Z","2019-08-18T16:00:00.000Z",10389.27,10399.12,10453.22,10386.07,232.62156163
"2019-08-18T17:00:00.000Z","2019-08-18T17:00:00.000Z",10399.11,10430.44,10484.95,10397.24,319.5353936
"2019-08-18T18:00:00.000Z","2019-08-18T18:00:00.000Z",10430.14,10394.85,10449.97,10357.31,205.78764624
"2019-08-18T19:00:00.000Z","2019-08-18T19:00:00.000Z",10393.95,10390.01,10410,10365,159.72146662
"2019-08-18T20:00:00.000Z","2019-08-18T20:00:00.000Z",10390.01,10375.28,10417.2,10341.01,266.11366152
"2019-08-18T21:00:00.000Z","2019-08-18T21:00:00.000Z",10375.28,10362.67,10386.66,10318,219.52036297
"2019-08-18T22:00:00.000Z","2019-08-18T22:00:00.000Z",10364.31,10422.14,10425,10350,156.64527126
"2019-08-18T23:00:00.000Z","2019-08-18T23:00:00.000Z",10423.56,10349.83,10444.73,10308.85,615.37504687
"2019-08-19T00:00:00.000Z","2019-08-19T00:00:00.000Z",10347.75,10315.48,10366.05,10299.18,262.03131808
"2019-08-19T01:00:00.000Z","2019-08-19T01:00:00.000Z",10315.48,10324.82,10329.95,10265,448.58904934
"2019-08-19T02:00:00.000Z","2019-08-19T02:00:00.000Z",10324.83,10348.89,10374.35,10293.08,228.37123613
"2019-08-19T03:00:00.000Z","2019-08-19T03:00:00.000Z",10348.89,10401.59,10439,10348.89,708.42153227
"2019-08-19T04:00:00.000Z","2019-08-19T04:00:00.000Z",10401.82,10403.7,10412,10357,182.48152825
"2019-08-19T05:00:00.000Z","2019-08-19T05:00:00.000Z",10403.38,10375.01,10420,10367.95,113.88477023
"2019-08-19T06:00:00.000Z","2019-08-19T06:00:00.000Z",10374.94,10361,10391.97,10343.47,97.30533843
"2019-08-19T07:00:00.000Z","2019-08-19T07:00:00.000Z",10360.99,10475,10475,10356.51,278.43067845
"2019-08-19T08:00:00.000Z","2019-08-19T08:00:00.000Z",10474.99,10731.03,10743.89,10473.84,1961.51598478
"2019-08-19T09:00:00.000Z","2019-08-19T09:00:00.000Z",10731.03,10693,10750.66,10673.9,298.12472234
"2019-08-19T10:00:00.000Z","2019-08-19T10:00:00.000Z",10695.73,10670.39,10740,10670,161.55547546
"2019-08-19T11:00:00.000Z","2019-08-19T11:00:00.000Z",10670.39,10694.88,10718,10670.38,202.39899064
"2019-08-19T12:00:00.000Z","2019-08-19T12:00:00.000Z",10698,10692.59,10790,10665,617.35201089
"2019-08-19T13:00:00.000Z","2019-08-19T13:00:00.000Z",10694.07,10696,10705.25,10633.65,434.35240411
"2019-08-19T14:00:00.000Z","2019-08-19T14:00:00.000Z",10695.99,10715,10727.5,10677.03,310.03431518
"2019-08-19T15:00:00.000Z","2019-08-19T15:00:00.000Z",10714.99,10730.99,10760.74,10699,481.01194119
"2019-08-19T16:00:00.000Z","2019-08-19T16:00:00.000Z",10731.22,10717.59,10733.99,10656.88,481.76879584
"2019-08-19T17:00:00.000Z","2019-08-19T17:00:00.000Z",10722.74,10680.45,10760,10655.64,555.11398798
"2019-08-19T18:00:00.000Z","2019-08-19T18:00:00.000Z",10680,10717.57,10719.97,10675.13,220.53392671
"2019-08-19T19:00:00.000Z","2019-08-19T19:00:00.000Z",10717.58,10724.75,10744.92,10705.87,288.53079426
"2019-08-19T20:00:00.000Z","2019-08-19T20:00:00.000Z",10724.76,10699.83,10840.29,10667,901.99429225
"2019-08-19T21:00:00.000Z","2019-08-19T21:00:00.000Z",10699.72,10678.77,10712.88,10630.01,374.61508819
"2019-08-19T22:00:00.000Z","2019-08-19T22:00:00.000Z",10678.52,10713.03,10742.97,10675.06,353.30312338
"2019-08-19T23:00:00.000Z","2019-08-19T23:00:00.000Z",10717.81,10770.68,10821.41,10713.01,447.34839281
"2019-08-20T00:00:00.000Z","2019-08-20T00:00:00.000Z",10770.68,10920,10938.76,10770.67,1482.52728703
"2019-08-20T01:00:00.000Z","2019-08-20T01:00:00.000Z",10917.94,10895.75,10953,10877.5,531.27178851
"2019-08-20T02:00:00.000Z","2019-08-20T02:00:00.000Z",10897.75,10879.96,10930.08,10851.68,390.59314306
"2019-08-20T03:00:00.000Z","2019-08-20T03:00:00.000Z",10879.96,10883.01,10886.55,10845,442.87002452
"2019-08-20T04:00:00.000Z","2019-08-20T04:00:00.000Z",10885.13,10785.01,10885.15,10778.23,603.98144651
"2019-08-20T05:00:00.000Z","2019-08-20T05:00:00.000Z",10785,10819.99,10836.5,10780,215.54377862
"2019-08-20T06:00:00.000Z","2019-08-20T06:00:00.000Z",10818.91,10762.8,10819.94,10762.79,171.34643204
"2019-08-20T07:00:00.000Z","2019-08-20T07:00:00.000Z",10764.05,10805.07,10829.34,10736.01,212.73487398
"2019-08-20T08:00:00.000Z","2019-08-20T08:00:00.000Z",10805.07,10819.05,10833.9,10796.35,200.84199872
"2019-08-20T09:00:00.000Z","2019-08-20T09:00:00.000Z",10819.95,10696.73,10821.54,10659,479.13089639
"2019-08-20T10:00:00.000Z","2019-08-20T10:00:00.000Z",10696.43,10701.5,10713.59,10555.7,572.34316902
"2019-08-20T11:00:00.000Z","2019-08-20T11:00:00.000Z",10701.49,10655.96,10714.61,10650,118.91152932
"2019-08-20T12:00:00.000Z","2019-08-20T12:00:00.000Z",10656.6,10707.73,10712.21,10618.03,248.55369931
"2019-08-20T13:00:00.000Z","2019-08-20T13:00:00.000Z",10708.86,10639.9,10724.99,10631.72,281.12490856
"2019-08-20T14:00:00.000Z","2019-08-20T14:00:00.000Z",10639.81,10651.01,10694.42,10637.62,174.18104819
"2019-08-20T15:00:00.000Z","2019-08-20T15:00:00.000Z",10651,10614.99,10673.36,10567,600.05430173
"2019-08-20T16:00:00.000Z","2019-08-20T16:00:00.000Z",10614.99,10729.89,10742.57,10562.05,490.81159101
"2019-08-20T17:00:00.000Z","2019-08-20T17:00:00.000Z",10730.25,10743.36,10782.19,10714,380.81002193
"2019-08-20T18:00:00.000Z","2019-08-20T18:00:00.000Z",10743.54,10753.64,10774.52,10727.61,165.41790686
"2019-08-20T19:00:00.000Z","2019-08-20T19:00:00.000Z",10755,10744.54,10755,10712.17,192.98852942
"2019-08-20T20:00:00.000Z","2019-08-20T20:00:00.000Z",10744.53,10731.6,10760,10725,210.62750397
"2019-08-20T21:00:00.000Z","2019-08-20T21:00:00.000Z",10728,10709.88,10744.67,10652.36,508.82903681
"2019-08-20T22:00:00.000Z","2019-08-20T22:00:00.000Z",10709.88,10793.28,10835.44,10692,467.45247752
"2019-08-20T23:00:00.000Z","2019-08-20T23:00:00.000Z",10795,10834.97,10844,10766.5,355.92456502
"2019-08-21T00:00:00.000Z","2019-08-21T00:00:00.000Z",10834.96,10769.09,10843.95,10729.2,327.32587942
"2019-08-21T01:00:00.000Z","2019-08-21T01:00:00.000Z",10768.49,10694.95,10800,10674.53,387.68110659
"2019-08-21T02:00:00.000Z","2019-08-21T02:00:00.000Z",10694.95,10679.86,10710.67,10640,339.00057381
"2019-08-21T03:00:00.000Z","2019-08-21T03:00:00.000Z",10679.59,10603,10701.86,10567,707.69405248
"2019-08-21T04:00:00.000Z","2019-08-21T04:00:00.000Z",10601.25,10290.05,10624.99,10210.89,2188.21853186
"2019-08-21T05:00:00.000Z","2019-08-21T05:00:00.000Z",10292,10170,10298.52,10123.87,1548.6320456
"2019-08-21T06:00:00.000Z","2019-08-21T06:00:00.000Z",10177.02,10214.99,10267.72,10151,510.06541471
"2019-08-21T07:00:00.000Z","2019-08-21T07:00:00.000Z",10215,10145.73,10256.71,10078.55,812.20194618
"2019-08-21T08:00:00.000Z","2019-08-21T08:00:00.000Z",10148.5,10112.33,10196.83,10088.42,328.95000371
"2019-08-21T09:00:00.000Z","2019-08-21T09:00:00.000Z",10110.49,10154.49,10172.71,10110.49,201.0108153
"2019-08-21T10:00:00.000Z","2019-08-21T10:00:00.000Z",10154.49,10185.01,10220,10111.64,238.78653575
"2019-08-21T11:00:00.000Z","2019-08-21T11:00:00.000Z",10185,10129.23,10196.15,10042.01,477.84233972
"2019-08-21T12:00:00.000Z","2019-08-21T12:00:00.000Z",10129.24,10155.99,10162.74,10071.99,277.642281
"2019-08-21T13:00:00.000Z","2019-08-21T13:00:00.000Z",10155.99,9952.12,10157.39,9884.3,1818.23216047
"2019-08-21T14:00:00.000Z","2019-08-21T14:00:00.000Z",9952.1,9939.67,9973.59,9894.84,659.64753436
"2019-08-21T15:00:00.000Z","2019-08-21T15:00:00.000Z",9939.67,10005.01,10048,9934.03,643.86938482
"2019-08-21T16:00:00.000Z","2019-08-21T16:00:00.000Z",10005.01,9973.34,10067,9957.63,552.49740409
"2019-08-21T17:00:00.000Z","2019-08-21T17:00:00.000Z",9973.37,10121,10131.76,9841.59,1561.6540836
"2019-08-21T18:00:00.000Z","2019-08-21T18:00:00.000Z",10116.51,10100.01,10134.99,10070.27,346.30685021
"2019-08-21T19:00:00.000Z","2019-08-21T19:00:00.000Z",10100,10066.73,10129,10063.03,388.65925881
"2019-08-21T20:00:00.000Z","2019-08-21T20:00:00.000Z",10066.72,10105.96,10124.56,10051.05,431.51936038
"2019-08-21T21:00:00.000Z","2019-08-21T21:00:00.000Z",10105.32,10151.84,10185.22,10100.42,636.71352493
"2019-08-21T22:00:00.000Z","2019-08-21T22:00:00.000Z",10151.83,10039.99,10178.11,10029.35,398.40858917
"2019-08-21T23:00:00.000Z","2019-08-21T23:00:00.000Z",10033.26,10061.08,10092.04,10029.26,228.72677879
"2019-08-22T00:00:00.000Z","2019-08-22T00:00:00.000Z",10061.09,10130,10136.78,9975,542.34485703
"2019-08-22T01:00:00.000Z","2019-08-22T01:00:00.000Z",10133.34,10074.51,10150,10034.79,269.42271102
"2019-08-22T02:00:00.000Z","2019-08-22T02:00:00.000Z",10074.51,9811.86,10079.73,9765,1561.64914161
"2019-08-22T03:00:00.000Z","2019-08-22T03:00:00.000Z",9811.86,9918.91,9947.68,9759,1201.56265024
"2019-08-22T04:00:00.000Z","2019-08-22T04:00:00.000Z",9918.58,9866.1,9937.89,9865.48,454.08066088
"2019-08-22T05:00:00.000Z","2019-08-22T05:00:00.000Z",9869.64,9964.99,10006.01,9850,465.88157987
"2019-08-22T06:00:00.000Z","2019-08-22T06:00:00.000Z",9962.46,9966.98,10023.87,9927.31,173.36089728
"2019-08-22T07:00:00.000Z","2019-08-22T07:00:00.000Z",9966.98,9983.58,10043.92,9869.01,376.64198864
"2019-08-22T08:00:00.000Z","2019-08-22T08:00:00.000Z",9986.36,9964.01,10006.69,9950.96,118.53813679
"2019-08-22T09:00:00.000Z","2019-08-22T09:00:00.000Z",9964.01,9919.99,9977.45,9895.94,195.06764086
"2019-08-22T10:00:00.000Z","2019-08-22T10:00:00.000Z",9920,9977.13,9989.33,9885.63,161.27901044
"2019-08-22T11:00:00.000Z","2019-08-22T11:00:00.000Z",9977.76,10015.28,10063.4,9977.76,357.06714265
"2019-08-22T12:00:00.000Z","2019-08-22T12:00:00.000Z",10015.27,9961.65,10015.28,9876,442.49019432
"2019-08-22T13:00:00.000Z","2019-08-22T13:00:00.000Z",9961.66,10045,10065.49,9940.73,252.17211001
"2019-08-22T14:00:00.000Z","2019-08-22T14:00:00.000Z",10045,10116.27,10145,10044.99,410.64850676
"2019-08-22T15:00:00.000Z","2019-08-22T15:00:00.000Z",10116.27,10090,10120.36,10050.01,311.432796
"2019-08-22T16:00:00.000Z","2019-08-22T16:00:00.000Z",10090.01,10107.11,10175,10085.62,356.41681531
"2019-08-22T17:00:00.000Z","2019-08-22T17:00:00.000Z",10106.99,10118.41,10142.66,10059.44,350.71033466
"2019-08-22T18:00:00.000Z","2019-08-22T18:00:00.000Z",10118.39,10161.57,10199.99,10105.46,520.33397881
"2019-08-22T19:00:00.000Z","2019-08-22T19:00:00.000Z",10161.57,10192.99,10237.53,10155.82,658.26370357
"2019-08-22T20:00:00.000Z","2019-08-22T20:00:00.000Z",10192.99,10166.92,10217.5,10155,294.42934606
"2019-08-22T21:00:00.000Z","2019-08-22T21:00:00.000Z",10166,10172.01,10210,10153.11,237.14515149
"2019-08-22T22:00:00.000Z","2019-08-22T22:00:00.000Z",10175.74,10142.89,10175.74,10099.83,330.73084491
"2019-08-22T23:00:00.000Z","2019-08-22T23:00:00.000Z",10145,10156.95,10203.09,10142.89,253.14220746
"2019-08-23T00:00:00.000Z","2019-08-23T00:00:00.000Z",10158.84,10107.15,10167.88,10099.99,423.05929122
"2019-08-23T01:00:00.000Z","2019-08-23T01:00:00.000Z",10105.61,10123.26,10140,10035.84,327.33270072
"2019-08-23T02:00:00.000Z","2019-08-23T02:00:00.000Z",10122.12,10096.88,10134.56,10078.83,158.0744004
"2019-08-23T03:00:00.000Z","2019-08-23T03:00:00.000Z",10097.17,10108.5,10125,10064.99,126.31192464
"2019-08-23T04:00:00.000Z","2019-08-23T04:00:00.000Z",10108.42,10154.59,10166.37,10096.17,191.99119629
"2019-08-23T05:00:00.000Z","2019-08-23T05:00:00.000Z",10156.22,10176.84,10210,10145.02,189.46240555
"2019-08-23T06:00:00.000Z","2019-08-23T06:00:00.000Z",10176.84,10142.07,10180,10127,114.1779954
"2019-08-23T07:00:00.000Z","2019-08-23T07:00:00.000Z",10142.07,10232.56,10246,10111,219.58597769
"2019-08-23T08:00:00.000Z","2019-08-23T08:00:00.000Z",10232.56,10236.99,10250,10182.65,135.84861792
"2019-08-23T09:00:00.000Z","2019-08-23T09:00:00.000Z",10236.99,10170.88,10236.99,10170.01,96.02008131
"2019-08-23T10:00:00.000Z","2019-08-23T10:00:00.000Z",10170.88,10123.96,10191.78,10121,81.15706228
"2019-08-23T11:00:00.000Z","2019-08-23T11:00:00.000Z",10123.97,10136.05,10154.94,10078.68,186.76010417
"2019-08-23T12:00:00.000Z","2019-08-23T12:00:00.000Z",10137.69,10135.46,10169.43,10094.47,379.94368871
"2019-08-23T13:00:00.000Z","2019-08-23T13:00:00.000Z",10135.47,10216.72,10218,10117.46,255.36771321
"2019-08-23T14:00:00.000Z","2019-08-23T14:00:00.000Z",10216.3,10375.45,10449.52,10176.65,1106.75702009
"2019-08-23T15:00:00.000Z","2019-08-23T15:00:00.000Z",10373.75,10416.02,10448.6,10369.35,386.63723004
"2019-08-23T16:00:00.000Z","2019-08-23T16:00:00.000Z",10421.53,10412.37,10455,10385.08,494.22013345
"2019-08-23T17:00:00.000Z","2019-08-23T17:00:00.000Z",10412.79,10405.3,10430,10397.5,319.25684797
"2019-08-23T18:00:00.000Z","2019-08-23T18:00:00.000Z",10405.02,10412.44,10435,10397.5,411.3963715
"2019-08-23T19:00:00.000Z","2019-08-23T19:00:00.000Z",10412.45,10426.11,10427,10400.51,264.41566727
"2019-08-23T20:00:00.000Z","2019-08-23T20:00:00.000Z",10426.11,10427.33,10478,10389.6,728.27169764
"2019-08-23T21:00:00.000Z","2019-08-23T21:00:00.000Z",10427.13,10360.01,10430.55,10303,838.16182331
"2019-08-23T22:00:00.000Z","2019-08-23T22:00:00.000Z",10360.01,10427.03,10458.99,10355.32,788.12695254
"2019-08-23T23:00:00.000Z","2019-08-23T23:00:00.000Z",10427,10384.74,10451.94,10366.59,469.19805001
"2019-08-24T00:00:00.000Z","2019-08-24T00:00:00.000Z",10387.67,10410.85,10430,10379.43,643.18303402
"2019-08-24T01:00:00.000Z","2019-08-24T01:00:00.000Z",10413.45,10417.01,10429,10382,259.09740273
"2019-08-24T02:00:00.000Z","2019-08-24T02:00:00.000Z",10417.03,10391.89,10417.03,10385.08,126.964104
"2019-08-24T03:00:00.000Z","2019-08-24T03:00:00.000Z",10391.26,10354.09,10393.12,10337.5,195.69170294
"2019-08-24T04:00:00.000Z","2019-08-24T04:00:00.000Z",10354.09,10371.73,10371.99,10305,180.48972399
"2019-08-24T05:00:00.000Z","2019-08-24T05:00:00.000Z",10371.53,10351.01,10384,10341,85.54699941
"2019-08-24T06:00:00.000Z","2019-08-24T06:00:00.000Z",10351.01,10354.3,10375,10331.57,87.06450612
"2019-08-24T07:00:00.000Z","2019-08-24T07:00:00.000Z",10355.05,10325,10365,10325,95.68989223
"2019-08-24T08:00:00.000Z","2019-08-24T08:00:00.000Z",10325,10317.4,10325,10261.57,339.05877704
"2019-08-24T09:00:00.000Z","2019-08-24T09:00:00.000Z",10317.73,10120.52,10317.73,10100,637.68816178
"2019-08-24T10:00:00.000Z","2019-08-24T10:00:00.000Z",10120.51,9989.99,10144.71,9886.26,1174.11141385
"2019-08-24T11:00:00.000Z","2019-08-24T11:00:00.000Z",9989.17,9993.16,10011.89,9963.03,274.22937766
"2019-08-24T12:00:00.000Z","2019-08-24T12:00:00.000Z",9996.22,10021.2,10052.49,9990,233.8402833
"2019-08-24T13:00:00.000Z","2019-08-24T13:00:00.000Z",10020.17,9997.75,10020.17,9936.62,394.01082829
"2019-08-24T14:00:00.000Z","2019-08-24T14:00:00.000Z",9997.7,9999.99,10025,9987,344.27204526
"2019-08-24T15:00:00.000Z","2019-08-24T15:00:00.000Z",10000,9993.01,10023.74,9980.34,560.31591437
"2019-08-24T16:00:00.000Z","2019-08-24T16:00:00.000Z",9991.42,9998,10009,9963,269.47410267
"2019-08-24T17:00:00.000Z","2019-08-24T17:00:00.000Z",9998,10070.68,10092.92,9957.77,420.83974236
"2019-08-24T18:00:00.000Z","2019-08-24T18:00:00.000Z",10068.26,10044.87,10080.99,10037,200.04527084
"2019-08-24T19:00:00.000Z","2019-08-24T19:00:00.000Z",10042.34,10071.01,10090,10042.34,168.93461334
"2019-08-24T20:00:00.000Z","2019-08-24T20:00:00.000Z",10072.11,10111.14,10130.2,10065.01,208.78879438
"2019-08-24T21:00:00.000Z","2019-08-24T21:00:00.000Z",10111.14,10106.51,10153.26,10094.25,195.72191401
"2019-08-24T22:00:00.000Z","2019-08-24T22:00:00.000Z",10103.35,10074.88,10106.5,10062.76,185.06591244
"2019-08-24T23:00:00.000Z","2019-08-24T23:00:00.000Z",10074.88,10180,10216.46,9983.29,636.58852027
"2019-08-25T00:00:00.000Z","2019-08-25T00:00:00.000Z",10180,10147.96,10200,10121,179.92905572
"2019-08-25T01:00:00.000Z","2019-08-25T01:00:00.000Z",10152.47,10132.14,10170,10123.78,215.96680307
"2019-08-25T02:00:00.000Z","2019-08-25T02:00:00.000Z",10133.04,10096.3,10159.64,10041.94,202.1065389
"2019-08-25T03:00:00.000Z","2019-08-25T03:00:00.000Z",10096.3,10131.51,10174.99,10082.48,173.753303
"2019-08-25T04:00:00.000Z","2019-08-25T04:00:00.000Z",10131.31,10141.79,10142,10084.6,126.55064203
"2019-08-25T05:00:00.000Z","2019-08-25T05:00:00.000Z",10142,10036.83,10150,10026.93,175.91253466
"2019-08-25T06:00:00.000Z","2019-08-25T06:00:00.000Z",10034.95,10074.86,10106.85,10034.95,132.18275354
"2019-08-25T07:00:00.000Z","2019-08-25T07:00:00.000Z",10074.25,10094.96,10098.98,10042,55.13953704
"2019-08-25T08:00:00.000Z","2019-08-25T08:00:00.000Z",10094.29,10122.49,10147.94,10074.26,140.35943304
"2019-08-25T09:00:00.000Z","2019-08-25T09:00:00.000Z",10122.5,10102.61,10127.79,10066.97,108.25213504
"2019-08-25T10:00:00.000Z","2019-08-25T10:00:00.000Z",10102.61,10156.75,10159.75,10084.66,207.20069393
"2019-08-25T11:00:00.000Z","2019-08-25T11:00:00.000Z",10160,10147.97,10183.57,10126.99,99.13586102
"2019-08-25T12:00:00.000Z","2019-08-25T12:00:00.000Z",10147.96,10130.08,10158.39,10101.24,97.93771528
"2019-08-25T13:00:00.000Z","2019-08-25T13:00:00.000Z",10130.09,10322.02,10374.85,10113.01,714.63399095
"2019-08-25T14:00:00.000Z","2019-08-25T14:00:00.000Z",10322.37,10234.24,10323,10233.43,234.12749484
"2019-08-25T15:00:00.000Z","2019-08-25T15:00:00.000Z",10020.34,10058.57,10072.27,9978,336.64344379
"2019-08-25T16:00:00.000Z","2019-08-25T16:00:00.000Z",10057.04,10070,10108.3,10053.29,139.08826303
"2019-08-25T17:00:00.000Z","2019-08-25T17:00:00.000Z",10070,10061.51,10134.69,10036,192.55253397
"2019-08-25T18:00:00.000Z","2019-08-25T18:00:00.000Z",10061.5,10071.7,10092.82,10047.97,122.96770557
"2019-08-25T19:00:00.000Z","2019-08-25T19:00:00.000Z",10071.71,10078,10086.7,10053,196.74157718
"2019-08-25T20:00:00.000Z","2019-08-25T20:00:00.000Z",10078.01,10062.23,10132.52,9960,761.02725014
"2019-08-25T21:00:00.000Z","2019-08-25T21:00:00.000Z",10062.52,9999.01,10069.51,9987.07,278.11742799
"2019-08-25T22:00:00.000Z","2019-08-25T22:00:00.000Z",9994.9,9995.01,10081.11,9899.95,922.83144392
"2019-08-25T23:00:00.000Z","2019-08-25T23:00:00.000Z",9995,10056.74,10079.75,9975,417.41366736
"2019-08-26T00:00:00.000Z","2019-08-26T00:00:00.000Z",10093.03,10138.72,10162.68,10075.3,205.67366838
"2019-08-26T01:00:00.000Z","2019-08-26T01:00:00.000Z",10142,10567.72,10680,10140.9,5158.15581765
"2019-08-26T02:00:00.000Z","2019-08-26T02:00:00.000Z",10517,10457.12,10524.97,10433.44,656.98519643
"2019-08-26T03:00:00.000Z","2019-08-26T03:00:00.000Z",10457.45,10404.99,10499.89,10378.53,619.08364995
"2019-08-26T04:00:00.000Z","2019-08-26T04:00:00.000Z",10405,10285.98,10444.26,10177,781.89304911
"2019-08-26T05:00:00.000Z","2019-08-26T05:00:00.000Z",10285.99,10319.23,10370.77,10285.98,294.56856895
"2019-08-26T06:00:00.000Z","2019-08-26T06:00:00.000Z",10333.65,10363.91,10365,10265.91,260.52301889
"2019-08-26T07:00:00.000Z","2019-08-26T07:00:00.000Z",10363.93,10373.91,10387.64,10331.47,147.07547393
"2019-08-26T08:00:00.000Z","2019-08-26T08:00:00.000Z",10374.04,10335.1,10408.17,10317.19,157.26655422
"2019-08-26T09:00:00.000Z","2019-08-26T09:00:00.000Z",10335.11,10332.54,10362.12,10289.05,205.75943927
"2019-08-26T10:00:00.000Z","2019-08-26T10:00:00.000Z",10332.54,10360.97,10392.32,10317.19,152.30012886
"2019-08-26T11:00:00.000Z","2019-08-26T11:00:00.000Z",10373.1,10351.93,10425.5,10322.09,205.90502449
"2019-08-26T12:00:00.000Z","2019-08-26T12:00:00.000Z",10351.01,10387.01,10389,10342.75,117.69763123
"2019-08-26T13:00:00.000Z","2019-08-26T13:00:00.000Z",10387.01,10363.18,10405.55,10350.36,181.70898113
"2019-08-26T14:00:00.000Z","2019-08-26T14:00:00.000Z",10361.09,10345.43,10370.02,10286.29,338.4864009
"2019-08-26T15:00:00.000Z","2019-08-26T15:00:00.000Z",10347.61,10323.46,10356.7,10300,267.76222107
"2019-08-26T16:00:00.000Z","2019-08-26T16:00:00.000Z",10323.47,10326.58,10364.79,10315.56,229.49853951
"2019-08-26T17:00:00.000Z","2019-08-26T17:00:00.000Z",10329.71,10324.24,10390,10227.28,672.13251298
"2019-08-26T18:00:00.000Z","2019-08-26T18:00:00.000Z",10324.24,10307.98,10334.12,10285.43,256.18707693
"2019-08-26T19:00:00.000Z","2019-08-26T19:00:00.000Z",10307.99,10289.84,10310.53,10277.5,349.95841969
"2019-08-26T20:00:00.000Z","2019-08-26T20:00:00.000Z",10285.42,10310.67,10318.81,10285.01,201.53168473
"2019-08-26T21:00:00.000Z","2019-08-26T21:00:00.000Z",10310.47,10261.12,10315.42,10168.59,654.67790637
"2019-08-26T22:00:00.000Z","2019-08-26T22:00:00.000Z",10261.12,10260.67,10269.82,10182.43,342.34574964
"2019-08-26T23:00:00.000Z","2019-08-26T23:00:00.000Z",10261.78,10308.13,10325,10261.78,310.93599028
"2019-08-27T00:00:00.000Z","2019-08-27T00:00:00.000Z",10308.13,10361.65,10395.77,10308.13,311.3888601
"2019-08-27T01:00:00.000Z","2019-08-27T01:00:00.000Z",10361.65,10332.51,10379.87,10305.33,209.9614683
"2019-08-27T02:00:00.000Z","2019-08-27T02:00:00.000Z",10332.45,10304.24,10360,10288.26,451.36926191
"2019-08-27T03:00:00.000Z","2019-08-27T03:00:00.000Z",10303.41,10224.25,10310,10200.2,475.82533254
"2019-08-27T04:00:00.000Z","2019-08-27T04:00:00.000Z",10224.25,10180.38,10224.74,10071.92,1108.79453731
"2019-08-27T05:00:00.000Z","2019-08-27T05:00:00.000Z",10180.38,10153.96,10180.38,10150,162.44573566
"2019-08-27T06:00:00.000Z","2019-08-27T06:00:00.000Z",10153.97,10225.41,10236.29,10153.97,307.40491004
"2019-08-27T07:00:00.000Z","2019-08-27T07:00:00.000Z",10225.02,10196.07,10225.49,10191.03,130.95897096
"2019-08-27T08:00:00.000Z","2019-08-27T08:00:00.000Z",10196.08,10152.25,10212.7,10111.01,164.10665126